﻿<?xml version="1.0" encoding="utf-8"?>
<Preset xmlns="urn:schemas-nliteos-com:pn.v1">
	<Date>05/05/2021 09:10:45</Date>
	<AppInfo>
		<Version>2.1.0.7862</Version>
		<Licensed>No</Licensed>
		<Protections>Yes</Protections>
		<Host>Windows 10 Pro (21H2) x64 - Client 10.0.21364.1000 (en-US)</Host>
	</AppInfo>
	<ImageInfo>
		<Version mode="offline">Windows 10 Professional (21H2) ARM64 - Client 10.0.21370.1 (en-GB)</Version>
		<GUID>{A475B8F5-F9A0-6BCF-6270-079E06648E4D}</GUID>
	</ImageInfo>
	<RemoveComponents>
		<c>enterpriseclientsync 'Work Folders Client'</c>
		<c>hypervguest 'Hyper-V Guest'</c>
		<c>internetexplorer32 'Internet Explorer - 32 bit'</c>
		<c>langarabic 'Arabic'</c>
		<c>langbulgarian 'Bulgarian'</c>
		<c>langchineses 'Chinese Simplified'</c>
		<c>langchineset 'Chinese Traditional'</c>
		<c>langcroatian 'Croatian'</c>
		<c>langczech 'Czech'</c>
		<c>langdanish 'Danish'</c>
		<c>langdutch 'Dutch'</c>
		<c>langestonian 'Estonian'</c>
		<c>langfinnish 'Finnish'</c>
		<c>langfrench 'French'</c>
		<c>langfrenchcanadian 'French (Canadian)'</c>
		<c>langgerman 'German'</c>
		<c>langgreek 'Greek'</c>
		<c>langhebrew 'Hebrew'</c>
		<c>langhungarian 'Hungarian'</c>
		<c>langime 'Input Method Editor (IME)'</c>
		<c>langimejp 'Japanese (IME)'</c>
		<c>langimeko 'Korean (IME)'</c>
		<c>langimetc 'Chinese Traditional (IME)'</c>
		<c>langitalian 'Italian'</c>
		<c>langjapanese 'Japanese'</c>
		<c>langkorean 'Korean'</c>
		<c>langlatvian 'Latvian'</c>
		<c>langlithuanian 'Lithuanian'</c>
		<c>langnorwegian 'Norwegian'</c>
		<c>langpolish 'Polish'</c>
		<c>langportuguesebr 'Portuguese (Brazilian)'</c>
		<c>langportuguesept 'Portuguese'</c>
		<c>langromanian 'Romanian'</c>
		<c>langrussian 'Russian'</c>
		<c>langserbian 'Serbian'</c>
		<c>langslovak 'Slovak'</c>
		<c>langslovenian 'Slovenian'</c>
		<c>langspanish 'Spanish'</c>
		<c>langswedish 'Swedish'</c>
		<c>langthai 'Thai'</c>
		<c>langturkish 'Turkish'</c>
		<c>langukrainian 'Ukrainian'</c>
		<c>Microsoft.549981C3F5F10 'Cortana'</c>
		<c>Microsoft.BingNews 'BingNews'</c>
		<c>Microsoft.BingWeather 'BingWeather'</c>
		<c>Microsoft.DesktopAppInstaller 'DesktopAppInstaller'</c>
		<c>Microsoft.GetHelp 'GetHelp'</c>
		<c>Microsoft.Getstarted 'Tips (Get Started)'</c>
		<c>Microsoft.HEIFImageExtension 'HEIFImageExtension'</c>
		<c>Microsoft.MicrosoftEdge 'Microsoft Edge (Legacy)'</c>
		<c>Microsoft.MicrosoftEdgeDevToolsClient 'EdgeDevToolsClient'</c>
		<c>Microsoft.MicrosoftOfficeHub 'OfficeHub'</c>
		<c>Microsoft.MicrosoftSolitaireCollection 'SolitaireCollection'</c>
		<c>Microsoft.MicrosoftStickyNotes 'StickyNotes'</c>
		<c>Microsoft.People 'People'</c>
		<c>Microsoft.ScreenSketch 'ScreenSketch'</c>
		<c>Microsoft.SecHealthUI 'Windows Defender'</c>
		<c>Microsoft.SkypeApp 'SkypeApp'</c>
		<c>Microsoft.StorePurchaseApp 'StorePurchaseApp'</c>
		<c>Microsoft.Todos 'Todos'</c>
		<c>Microsoft.VP9VideoExtensions 'VP9VideoExtensions'</c>
		<c>Microsoft.WebMediaExtensions 'WebMediaExtensions'</c>
		<c>Microsoft.WebpImageExtension 'WebpImageExtension'</c>
		<c>Microsoft.Windows.NarratorQuickStart 'NarratorQuickStart'</c>
		<c>Microsoft.Windows.XGpuEjectDialog 'XGpuEjectDialog'</c>
		<c>Microsoft.WindowsAlarms 'Alarms'</c>
		<c>microsoft.windowscommunicationsapps 'Windows Mail'</c>
		<c>Microsoft.WindowsFeedbackHub 'FeedbackHub'</c>
		<c>Microsoft.WindowsMaps 'Maps'</c>
		<c>Microsoft.WindowsSoundRecorder 'SoundRecorder'</c>
		<c>Microsoft.WindowsTerminal 'Terminal'</c>
		<c>Microsoft.XboxGameOverlay 'XboxGameOverlay'</c>
		<c>Microsoft.XboxGamingOverlay 'XboxGamingOverlay'</c>
		<c>Microsoft.XboxSpeechToTextOverlay 'XboxSpeechToTextOverlay'</c>
		<c>Microsoft.YourPhone 'YourPhone'</c>
		<c>Microsoft.ZuneMusic 'ZuneMusic'</c>
		<c>Microsoft.ZuneVideo 'ZuneVideo'</c>
		<c>otherthemes 'Other Themes'</c>
		<c>remoteassistance 'Remote Assistance'</c>
		<c>securestartup 'BitLocker Drive Encryption'</c>
		<c>Windows.PrintDialog 'PrintDialog'</c>
		<c>winsat 'Windows System Assessment Tool (WinSAT)'</c>
	</RemoveComponents>
	<Compatibility protectHidden="false">
		<ComponentFeatures>
			<Feature enabled="no">Discord</Feature>
			<Feature enabled="no">FileSharing</Feature>
			<Feature enabled="no">Hyper-V</Feature>
			<Feature enabled="no">Edge</Feature>
			<Feature enabled="no">OfficeSupport</Feature>
			<Feature enabled="no">Netflix</Feature>
			<Feature enabled="no">NetworkDiscovery</Feature>
			<Feature enabled="no">NvidiaSetup</Feature>
			<Feature enabled="no">OOBE</Feature>
			<Feature enabled="no">Printing</Feature>
			<Feature enabled="no">Recommended-All</Feature>
			<Feature enabled="no">SamsungSwitch</Feature>
			<Feature enabled="no">ServicingStack</Feature>
			<Feature enabled="no">ShellSearchSupport</Feature>
			<Feature enabled="no">Spotify</Feature>
			<Feature enabled="no">DefaultFonts</Feature>
			<Feature enabled="no">SafeMode</Feature>
			<Feature enabled="no">Recommended-Tablet</Feature>
			<Feature enabled="no">USBModem</Feature>
			<Feature enabled="no">USB</Feature>
			<Feature enabled="no">VideoPlayback</Feature>
			<Feature enabled="no">VPN</Feature>
			<Feature enabled="no">VisualStudio</Feature>
			<Feature enabled="no">ActivationKMS</Feature>
			<Feature enabled="no">Activation</Feature>
			<Feature enabled="no">AppxSupport</Feature>
			<Feature enabled="no">WLAN</Feature>
		</ComponentFeatures>
		<MachineDrivers>
			<Machine enabled="no">HostMachine</Machine>
			<Machine enabled="no">Hyper-V VM</Machine>
			<Machine enabled="no">Parallels VM</Machine>
			<Machine enabled="no">Virtual Box VM</Machine>
			<Machine enabled="no">VMware VM</Machine>
		</MachineDrivers>
	</Compatibility>
	<Features>
		<Feature name="DirectPlay">true</Feature>
		<Feature name="LegacyComponents">true</Feature>
		<Feature name="MediaPlayback">false</Feature>
		<Feature name="WindowsMediaPlayer">false</Feature>
		<Feature name="SearchEngine-Client-Package">false</Feature>
	</Features>
	<AddPackages></AddPackages>
	<Drivers showHidden="false">
		<AddDrivers></AddDrivers>
	</Drivers>
	<Unattended mode="1">
		<OEMSetupComplete>false</OEMSetupComplete>
		<AnswerFileLocationPanther>true</AnswerFileLocationPanther>
		<AnswerFileLocationBoot>false</AnswerFileLocationBoot>
		<SaveBothArch>false</SaveBothArch>
		<EditionPrompt>false</EditionPrompt>
		<settings pass="oobeSystem">
			<component name="Microsoft-Windows-International-Core">
				<InputLocale>007f:00020409</InputLocale>
				<SystemLocale>en</SystemLocale>
				<UserLocale>en</UserLocale>
			</component>
			<component name="Microsoft-Windows-Shell-Setup">
				<OEMInformation>
					<Manufacturer>Sony UK</Manufacturer>
					<Model>Raspberry pi 4B</Model>
					<SupportURL>https://discord.com/invite/jQCpfVK</SupportURL>
				</OEMInformation>
				<OOBE>
					<HideEULAPage>true</HideEULAPage>
					<HideOnlineAccountScreens>true</HideOnlineAccountScreens>
					<HideWirelessSetupInOOBE>true</HideWirelessSetupInOOBE>
					<NetworkLocation>Home</NetworkLocation>
					<ProtectYourPC>3</ProtectYourPC>
				</OOBE>
			</component>
		</settings>
		<settings pass="specialize">
			<component name="Microsoft-Windows-Shell-Setup">
				<ComputerName>Raspberrypi</ComputerName>
			</component>
		</settings>
		<settings pass="windowsPE">
			<component name="Microsoft-Windows-Setup">
				<DynamicUpdate>
					<WillShowUI>OnError</WillShowUI>
				</DynamicUpdate>
				<ImageInstall>
					<OSImage>
						<WillShowUI>OnError</WillShowUI>
						<InstallFrom>
							<MetaData>
								<Key>/IMAGE/INDEX</Key>
								<Value>1</Value>
							</MetaData>
						</InstallFrom>
					</OSImage>
				</ImageInstall>
				<UserData>
					<ProductKey>
						<Key></Key>
					</ProductKey>
				</UserData>
			</component>
		</settings>
	</Unattended>
	<Tweaks>
		<Settings>
			<TweakGroup name="AppCompat">
				<Tweak name="AppCompat\DisableInventory">1</Tweak>
				<Tweak name="AppCompat\DisablePCA">1</Tweak>
				<Tweak name=".NETFramework\OnlyUseLatestCLR">0</Tweak>
			</TweakGroup>
			<TweakGroup name="CrashControl">
				<Tweak name="CrashControl\LogEvent">0</Tweak>
				<Tweak name="CrashControl\CrashDumpEnabled">0</Tweak>
			</TweakGroup>
			<TweakGroup name="DesktopTweaks">
				<Tweak name="Explorer\NoPinningStoreToTaskbar">1</Tweak>
				<Tweak name="Personalize\AppsUseLightTheme">0</Tweak>
				<Tweak name="Personalize\SystemUsesLightTheme">0</Tweak>
				<Tweak name="ContentDeliveryManager\SoftLandingEnabled">0</Tweak>
				<Tweak name="Explorer\HidePeopleBar">1</Tweak>
				<Tweak name="Start\HideRecentJumplists">1</Tweak>
			</TweakGroup>
			<TweakGroup name="Explorer">
				<Tweak name="Explorer\EnableAutoTray">1</Tweak>
				<Tweak name="OperationStatusManager\EnthusiastMode">1</Tweak>
				<Tweak name="AutoplayHandlers\DisableAutoplay">1</Tweak>
				<Tweak name="Explorer\EnableLegacyBalloonNotifications">0</Tweak>
				<Tweak name="Explorer\NoThumbnailCache">1</Tweak>
				<Tweak name="Explorer\NoCDBurning">1</Tweak>
				<Tweak name="Explorer\ClearRecentDocsOnExit">1</Tweak>
				<Tweak name="Explorer\DisableEdgeDesktopShortcutCreation">1</Tweak>
				<Tweak name="Explorer\NoRecentDocsHistory">1</Tweak>
				<Tweak name="Advanced\LaunchTo">1</Tweak>
				<Tweak name="Explorer\ConfirmFileDelete">0</Tweak>
				<Tweak name="Explorer\DisableSearchBoxSuggestions">1</Tweak>
				<Tweak name="People\PeopleBand">0</Tweak>
				<Tweak name="Advanced\ShowSyncProviderNotifications">0</Tweak>
				<Tweak name="Advanced\ShowTaskViewButton">0</Tweak>
				<Tweak name="Advanced\HideDrivesWithNoMedia">0</Tweak>
				<Tweak name="Advanced\HideFileExt">0</Tweak>
				<Tweak name="Advanced\Hidden">1</Tweak>
			</TweakGroup>
			<TweakGroup name="PowerAndShutdown">
				<Tweak name="Power\HiberbootEnabled">0</Tweak>
			</TweakGroup>
			<TweakGroup name="Privacy">
				<Tweak name="appointments\Value">Deny</Tweak>
				<Tweak name="phoneCallHistory\Value">Deny</Tweak>
				<Tweak name="webcam\Value">Deny</Tweak>
				<Tweak name="contacts\Value">Deny</Tweak>
				<Tweak name="appDiagnostics\Value">Deny</Tweak>
				<Tweak name="documentsLibrary\Value">Deny</Tweak>
				<Tweak name="email\Value">Deny</Tweak>
				<Tweak name="broadFileSystemAccess\Value">Deny</Tweak>
				<Tweak name="chat\Value">Deny</Tweak>
				<Tweak name="microphone\Value">Deny</Tweak>
				<Tweak name="userNotificationListener\Value">Deny</Tweak>
				<Tweak name="phoneCall\Value">Deny</Tweak>
				<Tweak name="picturesLibrary\Value">Deny</Tweak>
				<Tweak name="radios\Value">Deny</Tweak>
				<Tweak name="LooselyCoupled\Value">Deny</Tweak>
				<Tweak name="userDataTasks\Value">Deny</Tweak>
				<Tweak name="userAccountInformation\Value">Deny</Tweak>
				<Tweak name="videosLibrary\Value">Deny</Tweak>
				<Tweak name="Client\OptInOrOutPreference">0</Tweak>
				<Tweak name="System\AllowExperimentation">0</Tweak>
				<Tweak name="System\AllowLocation">0</Tweak>
				<Tweak name="DataCollection\AllowTelemetry">0</Tweak>
				<Tweak name="CloudContent\DisableWindowsConsumerFeatures">1</Tweak>
				<Tweak name="features\PaidWifi">0</Tweak>
				<Tweak name="features\WiFiSenseOpen">0</Tweak>
				<Tweak name="ContentDeliveryManager\SilentInstalledAppsEnabled">0</Tweak>
				<Tweak name="System\AllowClipboardHistory">0</Tweak>
				<Tweak name="TrainedDataStore\HarvestContacts">0</Tweak>
				<Tweak name="InputPersonalization\RestrictImplicitTextCollection">1</Tweak>
				<Tweak name="InputPersonalization\RestrictImplicitInkCollection">1</Tweak>
				<Tweak name="Windows Search\AllowCortana">0</Tweak>
				<Tweak name="Search\HistoryViewEnabled">0</Tweak>
				<Tweak name="Search\DeviceHistoryEnabled">0</Tweak>
				<Tweak name="Advanced\ShowCortanaButton">0</Tweak>
				<Tweak name="System\DontDisplayLastUserName">0</Tweak>
				<Tweak name="System\DontDisplayLockedUserId">1</Tweak>
				<Tweak name="Rules\NumberOfSIUFInPeriod">0</Tweak>
				<Tweak name="SmartGlass\UserAuthPolicy">0</Tweak>
				<Tweak name="SmartGlass\BluetoothPolicy">0</Tweak>
				<Tweak name="BackgroundAccessApplications\GlobalUserDisabled">1</Tweak>
				<Tweak name="AdvertisingInfo\Enabled">0</Tweak>
				<Tweak name="Privacy\TailoredExperiencesWithDiagnosticDataEnabled">0</Tweak>
				<Tweak name="AppSettings\Skype-UserConsentAccepted">0</Tweak>
				<Tweak name="User Profile\HttpAcceptLanguageOptOut">1</Tweak>
				<Tweak name="System\EnableActivityFeed">0</Tweak>
				<Tweak name="Advanced\Start_TrackProgs">0</Tweak>
				<Tweak name="Advanced\Start_TrackDocs">0</Tweak>
				<Tweak name="ContentDeliveryManager\SystemPaneSuggestionsEnabled">0</Tweak>
				<Tweak name="InputPersonalization\AllowInputPersonalization">0</Tweak>
				<Tweak name="Settings\AcceptedPrivacyPolicy">0</Tweak>
				<Tweak name="ContentDeliveryManager\PreInstalledAppsEnabled">0</Tweak>
				<Tweak name="ContentDeliveryManager\OemPreInstalledAppsEnabled">0</Tweak>
				<Tweak name="SystemIndex\EnableFindMyFiles">0</Tweak>
				<Tweak name="Search\BingSearchEnabled">0</Tweak>
				<Tweak name="TIPC\Enabled">0</Tweak>
				<Tweak name="Explorer\ShowFrequent">0</Tweak>
				<Tweak name="ContentDeliveryManager\SubscribedContent-338393Enabled">0</Tweak>
				<Tweak name="Explorer\ShowRecent">0</Tweak>
				<Tweak name="UserProfileEngagement\ScoobeSystemSettingEnabled">0</Tweak>
				<Tweak name="AppHost\EnableWebContentEvaluation">0</Tweak>
				<Tweak name="Settings\InsightsEnabled">0</Tweak>
				<Tweak name="AnqpCache\OsuRegistrationStatus">0</Tweak>
				<Tweak name="FlipAhead\FPEnabled">0</Tweak>
				<Tweak name="MicrosoftEdge\PhishingFilter\Enabledv9">0</Tweak>
				<Tweak name="Internet Explorer\PhishingFilter\Enabledv9">0</Tweak>
				<Tweak name="Explorer\SmartScreenEnabled">Off</Tweak>
				<Tweak name="ContentDeliveryManager\RotatingLockScreenEnabled">0</Tweak>
			</TweakGroup>
			<TweakGroup name="StartTweaks">
				<Tweak name="Start\HideAppList">1</Tweak>
				<Tweak name="Start\HideFrequentlyUsedApps">1</Tweak>
				<Tweak name="Start\HideRecentlyAddedApps">1</Tweak>
				<Tweak name="Start\AllowPinnedFolderDocuments">0</Tweak>
				<Tweak name="Start\AllowPinnedFolderDownloads">0</Tweak>
				<Tweak name="Start\AllowPinnedFolderFileExplorer">0</Tweak>
				<Tweak name="Start\AllowPinnedFolderHomeGroup">0</Tweak>
				<Tweak name="Start\AllowPinnedFolderMusic">0</Tweak>
				<Tweak name="Start\AllowPinnedFolderNetwork">0</Tweak>
				<Tweak name="Start\AllowPinnedFolderPersonalFolder">0</Tweak>
				<Tweak name="Start\AllowPinnedFolderPictures">0</Tweak>
				<Tweak name="Start\AllowPinnedFolderSettings">0</Tweak>
				<Tweak name="Start\AllowPinnedFolderVideos">0</Tweak>
			</TweakGroup>
			<TweakGroup name="System">
				<Tweak name="Winlogon\RestartApps">0</Tweak>
				<Tweak name="Personalization\NoLockScreen">1</Tweak>
				<Tweak name="System\EnableFirstLogonAnimation">1</Tweak>
				<Tweak name="OneDrive\DisableFileSyncNGSC">1</Tweak>
				<Tweak name="Memory Management\PagingFiles1">-:\pagefile.sys</Tweak>
				<Tweak name="RDP-Tcp\UserAuthentication">0</Tweak>
			</TweakGroup>
			<TweakGroup name="UAC">
				<Tweak name="System\EnableLUA">0</Tweak>
				<Tweak name="System\FilterAdministratorToken">0</Tweak>
				<Tweak name="System\EnableInstallerDetection">0</Tweak>
				<Tweak name="System\PromptOnSecureDesktop">0</Tweak>
				<Tweak name="System\ConsentPromptBehaviorAdmin">0</Tweak>
				<Tweak name="System\ConsentPromptBehaviorUser">0</Tweak>
				<Tweak name="System\EnableSecureUIAPaths">0</Tweak>
				<Tweak name="System\EnableVirtualization">0</Tweak>
			</TweakGroup>
			<TweakGroup name="Windows">
				<Tweak name="Windows\DisableATMFD">1</Tweak>
				<Tweak name="Activation\Manual">1</Tweak>
				<Tweak name="ReserveManager\ShippedWithReserves">0</Tweak>
				<Tweak name="StoragePolicy\01">0</Tweak>
				<Tweak name="StoragePolicy\512">0</Tweak>
				<Tweak name="StoragePolicy\256">0</Tweak>
				<Tweak name="StoragePolicy\04">0</Tweak>
				<Tweak name="StoragePolicy\2048">0</Tweak>
			</TweakGroup>
			<TweakGroup name="WindowsDefender">
				<Tweak name="State\AccountProtection_MicrosoftAccount_Disconnected">0</Tweak>
				<Tweak name="Notifications\DisableNotifications">1</Tweak>
				<Tweak name="Notifications\DisableEnhancedNotifications">1</Tweak>
				<Tweak name="Features\TamperProtection">0</Tweak>
				<Tweak name="Windows Defender\DisableAntiSpyware">1</Tweak>
			</TweakGroup>
		</Settings>
		<Services>
			<TweakGroup name="services">
				<Tweak name="DusmSvc\DusmSvc">4</Tweak>
				<Tweak name="DPS\DPS">4</Tweak>
				<Tweak name="WdiServiceHost\WdiServiceHost">4</Tweak>
				<Tweak name="WdiSystemHost\WdiSystemHost">4</Tweak>
				<Tweak name="diagsvc\diagsvc">4</Tweak>
				<Tweak name="MapsBroker\MapsBroker">4</Tweak>
				<Tweak name="diagnosticshub.standardcollector.service\diagnosticshub.standardcollector.service">4</Tweak>
				<Tweak name="edgeupdate\edgeupdate">4</Tweak>
				<Tweak name="edgeupdatem\edgeupdatem">4</Tweak>
				<Tweak name="NgcSvc\NgcSvc">4</Tweak>
				<Tweak name="NgcCtnrSvc\NgcCtnrSvc">4</Tweak>
				<Tweak name="swprv\swprv">4</Tweak>
				<Tweak name="WpcMonSvc\WpcMonSvc">4</Tweak>
				<Tweak name="SEMgrSvc\SEMgrSvc">4</Tweak>
				<Tweak name="PhoneSvc\PhoneSvc">4</Tweak>
				<Tweak name="Spooler\Spooler">4</Tweak>
				<Tweak name="PrintWorkflowUserSvc\PrintWorkflowUserSvc">4</Tweak>
				<Tweak name="wercplsupport\wercplsupport">4</Tweak>
				<Tweak name="PcaSvc\PcaSvc">4</Tweak>
				<Tweak name="TroubleshootingSvc\TroubleshootingSvc">4</Tweak>
				<Tweak name="wscsvc\wscsvc">4</Tweak>
				<Tweak name="SCardSvr\SCardSvr">4</Tweak>
				<Tweak name="ScDeviceEnum\ScDeviceEnum">4</Tweak>
				<Tweak name="SCPolicySvc\SCPolicySvc">4</Tweak>
				<Tweak name="UsoSvc\UsoSvc">4</Tweak>
				<Tweak name="SDRSVC\SDRSVC">4</Tweak>
				<Tweak name="WerSvc\WerSvc">4</Tweak>
				<Tweak name="TrustedInstaller\TrustedInstaller">4</Tweak>
				<Tweak name="WSearch\WSearch">4</Tweak>
				<Tweak name="wuauserv\wuauserv">4</Tweak>
				<Tweak name="WaaSMedicSvc\WaaSMedicSvc">4</Tweak>
			</TweakGroup>
		</Services>
		<ExtraServices></ExtraServices>
	</Tweaks>
	<ApplyOptions>
		<ImageTasks>
			<Task>imageSaveRebuild</Task>
			<Task>imageFormatWim</Task>
			<Task>imageOptionsDontBackupPresetLog</Task>
		</ImageTasks>
		<AutoIsoFile>NTLite.iso</AutoIsoFile>
		<AutoIsoLabel>NTLite</AutoIsoLabel>
		<AutoSplitSize>4000</AutoSplitSize>
		<CleanHotfixedLeftovers>0</CleanHotfixedLeftovers>
		<ReuseDriverCache>false</ReuseDriverCache>
	</ApplyOptions>
	<Execution>
		<Remove></Remove>
		<Change></Change>
		<Add>
			<Item type="Command">
				<Path>powercfg</Path>
				<Params>/hibernate off</Params>
				<Index>0</Index>
			</Item>
			<Item type="Placeholder">
				<Index>1</Index>
			</Item>
		</Add>
	</Execution>
	<Registry></Registry>
</Preset>
